start0,end0
10685661,10685984
10687918,10687943
15528191,15529139
15690077,15690709
15695370,15695485
15695644,15695818
15698661,15698768
15700077,15700215
15702685,15702756
15708019,15708090
15709781,15709826
15710867,15711034
15719659,15719777
16590876,16592550
16783618,16784409
16799770,16800024
16807738,16808073
16962732,16962876
16963724,16963832
16964765,16964862
16965177,16965268
16966099,16966364
16967466,16967481
16968297,16968383
16969942,16970193
16987959,16988167
16991872,16992176
17007940,17008114
17085091,17085229
17097061,17097086
17097796,17097943
17098774,17098887
17100354,17100481
17101995,17102043
17102138,17102302
17103493,17103577
17104725,17104810
17105590,17105602
17105852,17105954
17107726,17107768
17108306,17109820
17119390,17121127
17138020,17138357
17138549,17138738
17141058,17141233
17141392,17141396
17142068,17142208
17143097,17143131
17145023,17145117
17148447,17148560
17149541,17149745
17159125,17159251
17165208,17165244
17181482,17181576
17181819,17182022
17182603,17182761
17188338,17188447
17189941,17190032
17191678,17191810
17199548,17199578
17203562,17203773
17207070,17207290
17209355,17209677
17369783,17369909
17474677,17474689
17477587,17477682
17497402,17497586
17499409,17499549
17500630,17500735
17503081,17503131
17504846,17505016
17511812,17511896
17524117,17524271
17537102,17537232
17538519,17538557
17538639,17538731
17538992,17539145
17540411,17540800
17541838,17541967
17542156,17543003
17548147,17549564
17552030,17552142
17552834,17552840
17579944,17579964
17581036,17581159
17581357,17581413
17582562,17582653
17583415,17583534
17587135,17587301
17587924,17588079
17589589,17589665
17590094,17590236
17592673,17592736
17594528,17594616
17598193,17598288
17600026,17600095
17601091,17601181
17612811,17612878
17613210,17613320
17619460,17619526
17628602,17628635
17638693,17638886
17655711,17655832
17683213,17683321
17688985,17689142
17692355,17692470
17696140,17696210
17702242,17702392
17726676,17727534
17735579,17735591
17738016,17738229
17739348,17739488
17743802,17744013
17750104,17750174
17773609,17773689
17790731,17790916
17790997,17791071
17791201,17791301
17808843,17808937
17810702,17810813
17816689,17816784
17817310,17819129
17821426,17821509
17822029,17822170
17822946,17823060
17827643,17827781
17831853,17832107
17834449,17834549
17841821,17842017
17864653,17864986
17865923,17866012
17871836,17872023
17872746,17872854
17875446,17875554
17879345,17879402
17881204,17881303
17885877,17886051
17887169,17887232
17887322,17887435
17889033,17889230
17891484,17891632
17893807,17893904
17895283,17895410
17896245,17896361
17896723,17896981
17899447,17899548
17900841,17900997
17901877,17901979
17902630,17902747
17904631,17904839
17906548,17906812
18078376,18078606
18079873,18080014
18083436,18083732
18085111,18085258
18087971,18088075
18110865,18110868
18121478,18121701
18124155,18124304
18126353,18127034
18130842,18131136
18157663,18157820
18160171,18160268
18161789,18161935
18167254,18167334
18167889,18168036
18169843,18169939
18170752,18170920
18173149,18173281
18173792,18173842
18176771,18176817
18516500,18516647
18516951,18517259
18517361,18517489
18517721,18517897
18527980,18528276
18528558,18528682
18528816,18528867
18529018,18529093
18529440,18529497
18529605,18529724
18529791,18529856
18529935,18530008
18530155,18530196
18530254,18530459
18606514,18611434
18633983,18634682
18906374,18906484
18906564,18906725
18909979,18910098
18910171,18910272
18910887,18911028
18911539,18911689
18913174,18913362
18913437,18913526
18916889,18916988
18918315,18918491
18919450,18919597
18919705,18919798
18921341,18921423
18922324,18922404
18922816,18922933
18923114,18923179
18925050,18925200
18925687,18925722
18930989,18931198
18936014,18936287
19029523,19029764
19029765,19029800
19029801,19030221
19038864,19039121
19041057,19041294
19041806,19041959
19048439,19048643
19056985,19057162
19063201,19063278
19064847,19065067
19068099,19068225
19089367,19089490
19122127,19122206
19131399,19132476
19134195,19134475
19135059,19135175
19137322,19137432
19138214,19138317
19138419,19138479
19139158,19139292
19139611,19139729
19139854,19140027
19142537,19142633
19142725,19142894
19144505,19144640
19148990,19149095
19149662,19149916
19150024,19150283
19176129,19176244
19176420,19176494
19176577,19176693
19176845,19176950
19177119,19177204
19177726,19177865
19177941,19178041
19178132,19178355
19178579,19178673
19180218,19180238
19180730,19180806
19183389,19183611
19187557,19187728
19187980,19188091
19188144,19188225
19191303,19191435
19196265,19196415
19196488,19196656
19199733,19199841
19201328,19201493
19208153,19208311
19208917,19209114
19210325,19210509
19216110,19216256
19219884,19220007
19221376,19221611
19221950,19222093
19222683,19222809
19223890,19224054
19225452,19225633
19226218,19226383
19229837,19229975
19232475,19232598
19233165,19233318
19233421,19233622
19234508,19234706
19235695,19235869
19239274,19239388
19242774,19242936
19253958,19254227
19275622,19275830
19291599,19291641
19331439,19331556
19351357,19351446
19353355,19353519
19353995,19354118
19355759,19355865
19356229,19356288
19356889,19357051
19359335,19359484
19361236,19361341
19361726,19361931
19375630,19375792
19377868,19378066
19383619,19383705
19385520,19385736
19387710,19387816
19388483,19388554
19392100,19392214
19394341,19394509
19396786,19396947
19397991,19398087
19405785,19405880
19407183,19407274
19408482,19408593
19410715,19410778
19431439,19431476
19432554,19432607
19433264,19433348
19434735,19434894
19435637,19435962
19441643,19441694
19444264,19444390
19447377,19447545
19447664,19447688
19450669,19450744
19454748,19454830
19455679,19455768
19456586,19456634
19456852,19456918
19458070,19458139
19465201,19465274
19467872,19468003
19471686,19471808
19475067,19475100
19475469,19475602
19479082,19479085
19479556,19479571
19479968,19480019
19480157,19480217
19480952,19481045
19482689,19482827
19483861,19484005
19494326,19494382
19494506,19494602
19495980,19496029
19497385,19497447
19499100,19499151
19505361,19505481
19507385,19507517
19507765,19507864
19508529,19508691
19514748,19514887
19514964,19515048
19516526,19516645
19516813,19516893
19518843,19518908
19523598,19524510
19714588,19714631
19714780,19714791
19718737,19718818
19719601,19719698
19719805,19719892
19720114,19720238
19720319,19720454
19720548,19720666
19720767,19720869
19721639,19721736
19721821,19721957
19722236,19722339
19722427,19722484
19723569,19723579
19723853,19724464
19759643,19759677
19760843,19761280
19763240,19763342
19764154,19764326
19764957,19765167
19765757,19765825
19765901,19766002
19766388,19766867
19779219,19779407
19782912,19783022
19788708,19788960
19802000,19802216
19806658,19806757
19812284,19812447
19820597,19820723
19821227,19821355
19851166,19852261
19877104,19877234
19878089,19878187
19878365,19878437
19880178,19880271
19880621,19880717
19883324,19883461
19895132,19895200
19895406,19895581
19898038,19898130
19899048,19899068
19911376,19911447
19915213,19915276
19915764,19915843
19918142,19918217
19918859,19919004
19919542,19919599
19931029,19931098
19932356,19932369
19933433,19933440
19936860,19937826
19941700,19941803
19962526,19962815
19963565,19963759
19964167,19964299
19966975,19967209
19968535,19968736
19970716,19970743
19971227,19971335
19971885,19971971
19972357,19972411
19972736,19972827
19972924,19973036
19973118,19973317
19973642,19973793
19974111,19974239
19975685,19975757
19976576,19976677
19976705,19976723
19977414,19977586
19977957,19978075
19978896,19979080
19979742,19980242
19981210,19981737
19981932,19982091
19987072,19987093
19990584,19990794
20036798,20036854
20036915,20037094
20043354,20043443
20052464,20052584
20053359,20053551
20055942,20056013
20061173,20061235
20061495,20061687
20062494,20062574
20063337,20063598
20064541,20064662
20085963,20086683
20087161,20087321
20089668,20089811
20089975,20090258
20091434,20091632
20091868,20091970
20092808,20092907
20094712,20094795
20106176,20106277
20106591,20106698
20107270,20107398
20108889,20109003
20110024,20110108
20112562,20112816
20112910,20113007
20113117,20113234
20113431,20113561
20113685,20113808
20114573,20114685
20114760,20114876
20114964,20115079
20115265,20115447
20115671,20115780
20116037,20116612
20116882,20116906
20117649,20117664
20119012,20119149
20122263,20122421
20122657,20122697
20125307,20125612
20126302,20126679
20126951,20127052
20131947,20132051
20139193,20139315
20139477,20139635
20139719,20139892
20140114,20140217
20140616,20140708
20140870,20141012
20141216,20141337
20141420,20141530
20142755,20143756
20145228,20145400
20147020,20147231
20148464,20148800
20148874,20148924
20149186,20149244
20149411,20149476
20149580,20149640
20149723,20150059
20150142,20150250
20150467,20150986
20241710,20243110
20268070,20268092
20314674,20314824
20315335,20315476
20316118,20316219
20319638,20319799
20319878,20319988
20353393,20353430
20354339,20355443
20355568,20358983
20359280,20361228
20394628,20394662
20395332,20395418
20400631,20400758
20401276,20401372
20405376,20406968
20425374,20426282
20427397,20427618
20429224,20429355
20429535,20429653
20429729,20429833
20430428,20430557
20430689,20430908
20431017,20431537
20431744,20431846
20431929,20432102
20437581,20437754
20442072,20442438
20446442,20446676
20457807,20458000
20464857,20465576
20471349,20471515
20488984,20489244
20489767,20489830
20493147,20493258
20507678,20507746
20537116,20537204
20551332,20551347
20551435,20551487
20553144,20553174
20554935,20555148
20564449,20564688
20566466,20566817
20568520,20568631
20568980,20569391
20571312,20571381
20573784,20573868
20575112,20575232
20582610,20582747
20582839,20582967
20583112,20583247
20583329,20583393
20584358,20584425
20584854,20585015
20585100,20585267
20585727,20585826
20586567,20586704
20708046,20708098
20709295,20709379
20709907,20709997
20710698,20710858
20711340,20711461
20712485,20712611
20712692,20712797
20713280,20713390
20714457,20714528
20714627,20714700
20717707,20717778
20718692,20718822
20721297,20721418
20726487,20726541
20727229,20727397
20727773,20727864
20729312,20729506
20729631,20729711
20729891,20730011
20732970,20733098
20733139,20733146
20733735,20733843
20734042,20734194
20734394,20734553
20734573,20734582
20736555,20736591
20742227,20742355
20742607,20742764
20744627,20744720
20747582,20747702
20749904,20749994
20751292,20751376
20751673,20751755
20752902,20753027
20753109,20753180
20761303,20761386
20764816,20764950
20765099,20765236
20765584,20765693
20779312,20780201
20783971,20784245
20786003,20786148
20786874,20787066
20793192,20793243
20796145,20796314
20798583,20798687
20799092,20799276
20799670,20799766
20801972,20802105
20803190,20803320
20804299,20804400
20804973,20805165
20807361,20807458
20810966,20811032
20813357,20813506
20818482,20818549
20819640,20819900
20820538,20820611
20824325,20824414
20834561,20834655
20838614,20838731
20858569,20858809
20859110,20859347
20870336,20870533
20881048,20881134
20883470,20883569
20887678,20887836
20917934,20918245
20933778,20934244
20949710,20949845
20967944,20967975
20973288,20973520
20973757,20973867
20974062,20974172
20974251,20974296
20974524,20974621
20974703,20974816
20975691,20975778
20976214,20976306
20976407,20976538
20976650,20976766
20976866,20976938
20977031,20977095
20977699,20977776
20977887,20978005
20979270,20979369
20979626,20979702
20980019,20980124
20980746,20980767
20980991,20981031
20982371,20982571
20983026,20983089
20985840,20985897
20987503,20987583
20988009,20988118
20988788,20988872
20989624,20989682
20990385,20990525
20991627,20991829
20992213,20992369
20992793,20992904
20993661,20993754
20993923,20994019
20994103,20994269
20994557,20994727
20994869,20995026
20995745,20995872
20995962,20996112
20996695,20996801
20996885,20996966
20997231,20997348
20999879,21000432
21000646,21000787
21001255,21001411
21001831,21001911
21015174,21015338
21015941,21016092
21017988,21018060
21022675,21022751
21022941,21023035
21023117,21023198
21023274,21023416
21023508,21023618
21025804,21025908
21026010,21026329
21026419,21026726
21029054,21029230
21029335,21029444
21029710,21030351
21030830,21031812
21045986,21046125
21047355,21047498
21047883,21048016
21048950,21049157
21049313,21049405
21052248,21052358
21053359,21053475
21053807,21053970
21055097,21055176
21057104,21057200
21060372,21060528
21360600,21361299
21383858,21388778
21442831,21442857
21444921,21446743
21467459,21467614
21467893,21468017
21468151,21468202
21468353,21468431
21468778,21468835
21468943,21469062
21469129,21469194
21469273,21469346
21469493,21469534
21469616,21469821
21546056,21550976
21567744,21567771
21592860,21592956
21610856,21611043
21621514,21621669
21628417,21628787
21629009,21629187
21629307,21629407
21629601,21629761
21629850,21630014
21632983,21633253
21634021,21634570
21634684,21635644
21636431,21637070
21642336,21642523
21642861,21643058
21643893,21644175
21666099,21666131
21669912,21669962
21670565,21670611
21670996,21671059
21672329,21672381
21675063,21675115
21681298,21681390
21682436,21682526
21683181,21683257
21684752,21684913
21686482,21686558
21686891,21686998
21687642,21687732
21688072,21688106
21688731,21688849
21691384,21691493
21693815,21693872
21694592,21694665
21694754,21694817
21694936,21695070
21695393,21695596
21695866,21696152
21696884,21697039
21701128,21701218
21703369,21703478
21703838,21703882
21710627,21710744
21769203,21769320
21772872,21772982
21788256,21788388
21788693,21788808
21799011,21799128
21805849,21806039
21807663,21807846
21867321,21867440
21923091,21923471
21925568,21925662
21931147,21931291
21933390,21933579
21934023,21934226
21939531,21939680
21945842,21946048
21957113,21957595
21958405,21958693
21959131,21959232
21959586,21959736
21960320,21960449
21962428,21962602
21962746,21962893
21963922,21964028
21964160,21964315
21965284,21965375
21967602,21967716
21968618,21968775
21970209,21970406
21971876,21971951
21972611,21972718
21974356,21974488
21975639,21975709
22026075,22026121
22026249,22026553
22030993,22031042
22031162,22031472
22032901,22033205
22043451,22043494
22043608,22043914
22058478,22058805
22061245,22061557
22070224,22070270
22070393,22070711
22075185,22075228
22075352,22075682
22079769,22079815
22079925,22080233
22086715,22087024
22098760,22098806
22098905,22099212
22162197,22162250
22162370,22162681
22179164,22179488
22182582,22182890
22195798,22195844
22195969,22196276
22198723,22199019
22201674,22201720
22201838,22202161
22214806,22214852
22214964,22215271
22219646,22219689
22219809,22220133
22244802,22244859
22244945,22245337
22318665,22318705
22318898,22319226
22322507,22322553
22322662,22322969
22327350,22327396
22327506,22327816
22343223,22343269
22343406,22343734
22352939,22352985
22353110,22353433
22357794,22357834
22357955,22358262
22369647,22369693
22369782,22370087
22376013,22376059
22376182,22376505
22380879,22380919
22381040,22381347
22395051,22395097
22395184,22395489
22397031,22397076
22397199,22397490
22398283,22398582
22404259,22404305
22404414,22404721
22409816,22409862
22409983,22410282
22425987,22426278
22427544,22427590
22427712,22428035
22431997,22432037
22432158,22432465
22450357,22450652
22487766,22489398
22514001,22515630
22548066,22548643
22549725,22550334
22550766,22551089
22556811,22556832
22579841,22579887
22580004,22580312
22588212,22588258
22588380,22588688
22594566,22594609
22594755,22595056
22604692,22604738
22604884,22605185
22618717,22618763
22618905,22619211
22646345,22646521
22646753,22646881
22646982,22647290
22647594,22647741
22660948,22660994
22661286,22661577
22664472,22664518
22664635,22664931
22668325,22668371
22668513,22668808
22673337,22673637
22678933,22678973
22679096,22679397
22686768,22686814
22686980,22687281
22694775,22695070
22697950,22697996
22698113,22698421
22700751,22701041
22704328,22704374
22704523,22704818
22712418,22712464
22712898,22713199
22715157,22715443
22720662,22720708
22720854,22721155
22734619,22734665
22734781,22735089
22738910,22739191
22747420,22747466
22747620,22747921
22755552,22755837
22758740,22758786
22758903,22759211
22762078,22762125
22762279,22762574
22771832,22771878
22772281,22772582
22792532,22792578
22792695,22793003
22811781,22811827
22811980,22812281
22819124,22819170
22819456,22819752
22822820,22822866
22822981,22823289
22838589,22838888
22850372,22850656
22856589,22856634
22856751,22857060
22857820,22857866
22858011,22858302
22871538,22871584
22871710,22872035
22873007,22873052
22873198,22873493
22880911,22880963
22881096,22881392
22888053,22888259
22893699,22893818
22895374,22895694
22899617,22899655
22900975,22901295
22904987,22905025
22906341,22906661
22910569,22910607
22910827,22911080
22914271,22914309
22915623,22915932
22918163,22918201
22919534,22919858
22921397,22921435
22922593,22922913
23059432,23059718
23059862,23060012
23061808,23061945
23063901,23064133
23069769,23069794
23095695,23096418
23098611,23098812
23122191,23122650
23123086,23123431
23134025,23134144
23138839,23138942
23140221,23140420
23145365,23145551
23145958,23146030
23146604,23146685
23150062,23150154
23152460,23152526
23153032,23153134
23155646,23155658
23155967,23156032
23157602,23157643
23157991,23158043
23158897,23158979
23159162,23159253
23160878,23160998
23161499,23161623
23168896,23168918
23180960,23182239
23253798,23253980
23260949,23261054
23261354,23261540
23268407,23268515
23271531,23271592
23273080,23273133
23273633,23273774
23283976,23284098
23285032,23285201
23287158,23287278
23288096,23288172
23289516,23289621
23290338,23290413
23292540,23292638
23295023,23295155
23309423,23309483
23310323,23310433
23311696,23311836
23312886,23313021
23313967,23314073
23314551,23314714
23315432,23315522
23538873,23540745
23573265,23573585
23574966,23575085
23579984,23580190
23583170,23583478
23608763,23608768
23613288,23613330
23613638,23613660
23613692,23613731
23614134,23614214
23616852,23616874
23617574,23617657
23619363,23619393
23620593,23620615
23622090,23622176
23624882,23624904
23625980,23626048
23631815,23632023
23692030,23692209
23692334,23692528
23692668,23692991
23693758,23693974
23694346,23694450
23694949,23695019
23696613,23696688
23697170,23697245
23697837,23697861
23698211,23698333
23698554,23698645
23698843,23699113
23743799,23745140
23752875,23753198
23754314,23754363
23763306,23763331
23764086,23764173
23764238,23764444
23764638,23764713
23764792,23764932
23765288,23765559
23765720,23765754
23766006,23766026
23766127,23766296
23767373,23767593
23767833,23767874
23772870,23772978
23779186,23779416
23780358,23780502
23780581,23780715
23780858,23781100
23781192,23781409
23782225,23782483
23783410,23783544
23787169,23787262
23791755,23791894
23793558,23793688
23800943,23801135
23803294,23803422
23816769,23816936
23825224,23825415
23833571,23833703
23834140,23834180
23834826,23834979
23836868,23836962
23837059,23837154
23837658,23837854
23838137,23838445
23838563,23838637
23838710,23838776
23838894,23838987
23856970,23856991
23857489,23857531
23857999,23858029
23862103,23862202
23868480,23868641
23875116,23875241
23877041,23877171
23877720,23877869
23882458,23882646
23882758,23882869
23883771,23884024
23884301,23884429
23884622,23884946
23894474,23894582
23894771,23894944
23895039,23895106
23957722,23957932
23958284,23958458
23958550,23958701
23960293,23960381
23961019,23961131
23966914,23967022
23967385,23967561
23967985,23968202
23971285,23971406
23971550,23971623
23973126,23973343
23973767,23973943
23974306,23974414
23989182,23989215
23998541,23998739
24000074,24000333
24001174,24001325
24003759,24003847
24004180,24004274
24005244,24005368
24035517,24035520
24036088,24036181
24038347,24038461
24041138,24041273
24042903,24043084
24049090,24049220
24050824,24050974
24054872,24055159
24056191,24056360
24059226,24059363
24059923,24060141
24061946,24062025
24062958,24063146
24064034,24064187
24066986,24067181
24070799,24071042
24072353,24072510
24076168,24076284
24083227,24083389
24084578,24084785
24085005,24085151
24087451,24087713
24088979,24089024
24091582,24091843
24095930,24096082
24098013,24098282
24113565,24113748
24119366,24119698
24134301,24134415
24164399,24164563
24165529,24165626
24166638,24167313
24168431,24168521
24171712,24171995
24176110,24176275
24177503,24177817
24178052,24178196
24181519,24181595
24183056,24183267
24183494,24183646
24184135,24184303
24184765,24184940
24185093,24185295
24185485,24185571
24185660,24185929
24186015,24186159
24186256,24186415
24187201,24187450
24187570,24187843
24187958,24188135
24188224,24188327
24188411,24188436
24219969,24220116
24220138,24220183
24220491,24220584
24220644,24220728
24224995,24225106
24225244,24225429
24225545,24225652
24226075,24226266
24226630,24226767
24231383,24231530
24232050,24232208
24232822,24233018
24233497,24233593
24233873,24234004
24244552,24244725
24302231,24302384
24313312,24313466
24321287,24322918
24324219,24324427
24328845,24328919
24330255,24330431
24334409,24334573
24338385,24338477
24347085,24347176
24363260,24363344
24365475,24365632
24369217,24369320
24411587,24411704
24412647,24412707
24414533,24414623
24433404,24433736
24440582,24441489
24495403,24495507
24500106,24500278
24502125,24502213
24503518,24503594
24503823,24503828
24510748,24510843
24513323,24513485
24515200,24515370
24520386,24520468
24521724,24521817
24521985,24522028
24523618,24523773
24525710,24525794
24543005,24543100
24543841,24544083
24546913,24547005
24547907,24548073
24548916,24549001
24554948,24554991
24555614,24555825
24557674,24557800
24567983,24568176
24571915,24571977
24585885,24586411
24588213,24588329
24589072,24589393
24589820,24589949
24592862,24593039
24611081,24611245
24614775,24614906
24615040,24615127
24620327,24620520
24620912,24621070
24623106,24623256
24623779,24623916
24627431,24627619
24627851,24627979
24628080,24628193
24628274,24628388
24628692,24628839
24719471,24719588
24719747,24719895
24723129,24723255
24724886,24725037
24725444,24725515
24727949,24728053
24728176,24728401
24734083,24734156
24735707,24735892
24748906,24749021
24749403,24749521
24749692,24749819
24751386,24751498
24754013,24754217
24754783,24754864
24755783,24755905
24756490,24756705
24757907,24758039
24759868,24759989
24762397,24762499
24806325,24806344
24806440,24806484
24844896,24844972
24847633,24847796
24850279,24850432
24854995,24855063
24855284,24855430
24855548,24855680
24859715,24859840
24867092,24867160
24868375,24868539
24868722,24868855
24874414,24874579
24876576,24876715
24879461,24879526
24884052,24884198
24886599,24886728
24893430,24893613
24895222,24895291
24897971,24898559
24901832,24901957
24905104,24905187
24912642,24912752
24917657,24917754
24919825,24919993
24924185,24924274
24935332,24935595
24938148,24938287
24939334,24939535
25027999,25029540
25032608,25032696
25038759,25041525
25049229,25049364
25070365,25070416
25111489,25111618
25112177,25112462
25170819,25170938
25174239,25174489
25177347,25177522
25181698,25181823
25184976,25185119
25187121,25187203
25190701,25190780
25201396,25201471
25202673,25202792
25203762,25203895
25205219,25205362
25207046,25207212
25221429,25221483
25224917,25225036
25227852,25227985
25229435,25229578
25231603,25231772
25565040,25565153
25594504,25594512
25604376,25604453
25644591,25644665
25661575,25661677
25663629,25663704
25667738,25667800
25672295,25672347
25674436,25674528
25678815,25678915
25685169,25685248
25687536,25687667
25690188,25690283
25695106,25695214
25702841,25702845
25703509,25703576
25704108,25704209
25709897,25709964
25711067,25711163
25714407,25714570
25718244,25718381
25721283,25721397
25722288,25722450
25761092,25761131
25761250,25761289
25763230,25763389
25764871,25764997
25768114,25769428
25770109,25770176
25770871,25770984
25772333,25772510
25777582,25777781
25780055,25780198
25781733,25781834
25785427,25785491
25797952,25798097
25823504,25823678
25826408,25826499
25828775,25828968
25832916,25832997
25835292,25835443
25843734,25843894
25846099,25846283
25847429,25847652
25851469,25851579
25868319,25868385
25874285,25874414
25876188,25876332
25877958,25878048
25890755,25890875
25891303,25891412
25895155,25895280
25898306,25898461
25902612,25902736
25903630,25903831
25908321,25908432
25910945,25911050
25921256,25921409
25946136,25946250
25947711,25947828
25950366,25950450
25952285,25952423
25955178,25955364
25964791,25964998
25992362,25992493
26003264,26003309
26004717,26004855
26026444,26027678
26169669,26169763
26292405,26293146
26294291,26294425
26296887,26297080
26298983,26299169
26305978,26306144
26310669,26310836
26311767,26311962
26313763,26313902
26340435,26340632
26347718,26347913
26351051,26351243
26365371,26365566
26373450,26373483
26375574,26375689
26377672,26377775
26380265,26380295
26433615,26434501
26442458,26442572
26443096,26443206
26444681,26444694
26453167,26453404
26453884,26453972
26457858,26457967
26458444,26458577
26463916,26464826
26465454,26465551
26466050,26466262
26467224,26467295
26468550,26468623
26470718,26470813
26471212,26471290
26472301,26472418
26472831,26472939
26476992,26477136
26479264,26479381
26481721,26481762
26483890,26484099
26486022,26486063
26487991,26488288
26488389,26488488
26490043,26490198
26491024,26491070
26491462,26491672
26492012,26492368
26494138,26494304
26494796,26494939
26496072,26496316
26496720,26496889
26498868,26498975
26499103,26499631
26501899,26502052
26503665,26503793
26506302,26506459
26506774,26506928
26510063,26510272
26512098,26512175
26512393,26512432
26528220,26528262
26532694,26532745
26536287,26536486
26540788,26541718
26544603,26544675
26547499,26547501
26550591,26550641
26599489,26599673
26601878,26602021
26607888,26608021
26608059,26608062
26612071,26612190
26616139,26616319
26622584,26622635
26623233,26623352
26625480,26625622
26628287,26628430
26630339,26630487
27750914,27751096
27796762,27800543
27853612,27853663
27854891,27854939
27858386,27858509
27860130,27860241
27873737,27873815
27892171,27892330
27894554,27894638
27896551,27896626
27897129,27897137
27897800,27897892
27910963,27911109
27914316,27914347
27918374,27918394
27919101,27919127
27919171,27919191
27982220,27983851
27985248,27985356
27989877,27990007
27990788,27990812
27992586,27992663
27993286,27993518
27996134,27996259
27998539,27999260
28001373,28001553
28014247,28014392
28020591,28020661
28020714,28020718
28020993,28021089
28028986,28029116
28030225,28030366
28094079,28094245
28096189,28096408
28098914,28099044
28101170,28101280
28105278,28105802
28107061,28108403
28163091,28163599
28296197,28296328
28297579,28297852
28306495,28306643
28442885,28442912
28629551,28629830
28646158,28646170
28656369,28656393
28679621,28679723
28687896,28687986
28689134,28689215
28694031,28694117
28695126,28695242
28695709,28695873
28696900,28696987
28697066,28697129
28699837,28699937
28703504,28703566
28710005,28710059
28711908,28712017
28712111,28712251
28712260,28712463
28719394,28719485
28724885,28724923
28724976,28725124
28725242,28725367
28730419,28730548
28734402,28734727
28737259,28737283
28742095,28742380
28743881,28743978
28744614,28744709
28745863,28746008
28751240,28751288
28757077,28757169
28772849,28773034
28773724,28773778
28780947,28781172
28783507,28783645
28786088,28786326
28795174,28795732
28796046,28796192
28797076,28797205
28799056,28799153
28799959,28800036
28800297,28800524
28883766,28884066
28987075,28987201
29042494,29042569
29043298,29043430
29044779,29044890
29046715,29046883
29048388,29048491
29049196,29050948
29053578,29053622
29058741,29059182
29059682,29059802
29060414,29060843
29061789,29061792
29073130,29073227
29094257,29094420
29098861,29098953
29103460,29103497
29121356,29121481
29125262,29125416
29137341,29137674
29138623,29138833
29140281,29140366
29141943,29142112
29167043,29167106
29206038,29206139
29214925,29215039
29215526,29215630
29225132,29225216
29226489,29226551
29231019,29231140
29231316,29231365
29231457,29231508
29231592,29231682
29232255,29232402
29233378,29233468
29233613,29233666
29234136,29234199
29234304,29234349
29243444,29243489
29254202,29254287
29255270,29255361
29258309,29258320
29258816,29258963
29260059,29260237
29260325,29260613
29260701,29260864
29263834,29264375
29265478,29265626
29268336,29268349
29272215,29272252
29272379,29272431
29273737,29273864
29274264,29274282
29278029,29278216
29282389,29282557
29286922,29287134
29288605,29288790
29290412,29290503
29291561,29291599
29292136,29292169
29292487,29292606
29296238,29296368
29297826,29297949
29298732,29298895
29299194,29299331
29299598,29299851
29300121,29300161
29308105,29308738
29310438,29310546
29310637,29310734
29310826,29310998
29311461,29312497
29313300,29313568
29313862,29313987
29315027,29315246
29315864,29316143
29319308,29319383
29328820,29328895
29329711,29329720
29330377,29330532
29330622,29330709
29331448,29331533
29331786,29331916
29334264,29334410
29338989,29339133
29339753,29339774
29340655,29340857
29341500,29341760
29342284,29342383
29349217,29349383
29350034,29350150
29351170,29351266
29351704,29351825
29354649,29354871
29356425,29356616
29358725,29358971
29359823,29359959
29363000,29363106
29367206,29367243
29438791,29439164
29441541,29442122
29480262,29481145
29483374,29483574
29485722,29485847
29488848,29490703
29508456,29508520
29511105,29511296
29512020,29512136
29517028,29517116
29517262,29517366
29519005,29519120
29520007,29520104
29520997,29521099
29525837,29525946
29528077,29528177
29528425,29528466
29529161,29529239
29531077,29531110
29531830,29531963
29536623,29536738
29539329,29539476
29542858,29542956
29543428,29543542
29544459,29544603
29549051,29549147
29555934,29555999
29558869,29558953
29560733,29560828
29561170,29561202
29561505,29561646
29561791,29561862
29569192,29569287
29570161,29570207
29570404,29570532
29580984,29581082
29603998,29604112
29636750,29636876
29636892,29636901
29639089,29639212
29642201,29642285
29654656,29654725
29655593,29655676
29658188,29658264
29661204,29661339
29664989,29665064
29668332,29668446
29671825,29671948
29673268,29673486
29674835,29674941
29678195,29678323
29681438,29681601
29683019,29683055
29694751,29694809
29720424,29720533
29727661,29727805
29728629,29728742
29729054,29729208
29729441,29729569
29731224,29731354
29738329,29738441
29740649,29740730
29742417,29742480
29748417,29748544
29767398,29767587
29769677,29769719
29789012,29789184
29790468,29790548
29792417,29792535
29793359,29793490
29793576,29793676
29800990,29801110
29801993,29802208
29804637,29804830
29806215,29806290
29806484,29806553
29806796,29806904
29808110,29808185
29813429,29813542
29814656,29814767
29816005,29816073
29822334,29822464
29825086,29825257
29825621,29825780
29832244,29832487
29971059,29971062
29978441,29978531
29978935,29979052
29988479,29988562
29991503,29991670
29998760,29998857
30002879,30002993
30007113,30007319
30007900,30008032
30009017,30009129
30012367,30012563
30013355,30013541
30016527,30016698
30017926,30018072
30019479,30020884
30022028,30022139
30022608,30022697
30023456,30023483
30025629,30025801
30093952,30094003
30098851,30098993
30103436,30103500
30104400,30104437
30111795,30111816
30112495,30112522
30118910,30118918
30118979,30119047
30121631,30121789
30121963,30122214
30176062,30176167
30206984,30207167
30243650,30244061
30244754,30244933
30246167,30246504
30246676,30246695
30263882,30264464
30265001,30265144
30266765,30266799
30285619,30285688
30285831,30285926
30286015,30286098
30286262,30286376
30286824,30286948
30287154,30287287
30287372,30287560
30288705,30288776
30289384,30289497
30292374,30292851
30293650,30293805
30293920,30294110
30294795,30294861
30294940,30295055
30295736,30295843
30299443,30299551
30304530,30304651
30326672,30326881
30334593,30334695
30335466,30335538
30335651,30335753
30337025,30337180
30337689,30337897
30338788,30339034
30339129,30339251
30340195,30340381
30340694,30340812
30341691,30341885
30342199,30342350
30342804,30342879
30344932,30345190
30346311,30346519
30352950,30353072
30356729,30356792
30366000,30366252
30369431,30369603
30370325,30370950
30371649,30371727
30372074,30372286
30373596,30373764
30373850,30373883
30373922,30374091
30375457,30375663
30376258,30376347
30376432,30376745
30378294,30378439
30379599,30379622
30379710,30379813
30380061,30380205
30380281,30380401
30384338,30384495
30385903,30385989
30386069,30386141
30386615,30386759
30387028,30387313
30397116,30397170
30399642,30399718
30406341,30406385
30407094,30407154
30407414,30407603
30409186,30409282
30409425,30409486
30410595,30410679
30415758,30415865
30415947,30416087
30416233,30416501
30422276,30422407
30425879,30425946
30426716,30426844
30427170,30427403
30428461,30428674
30449086,30449244
30460020,30460142
30461309,30461479
30461554,30461694
30462085,30462192
30464819,30464903
30466333,30466394
30466981,30467077
30468507,30468696
30468788,30468791
30470018,30470078
30470211,30470255
30470506,30470582
30471904,30471958
30489876,30489878
30490106,30490246
30491572,30491742
30491833,30491973
30492048,30492155
30492473,30492557
30494149,30494210
30494865,30494961
30495253,30495442
30495582,30495642
30495927,30495971
30503676,30503752
30505557,30505611
30524996,30525109
30525349,30525519
30525610,30525750
30525825,30525932
30529086,30529170
30529288,30529349
30531902,30531998
30532179,30532713
30532796,30532856
30533635,30533701
30533995,30534039
30534148,30534272
30538826,30538902
30546628,30546691
30554952,30556096
30557261,30557401
30572802,30572868
30577045,30577129
30578836,30578998
30579136,30579303
30579750,30579935
30580052,30580178
30580570,30580701
30581011,30581101
30581333,30581408
30581527,30581644
30584364,30584454
30584545,30584717
30587285,30587395
30588020,30588174
30589190,30589270
30591809,30591833
30607331,30607395
30610870,30611063
30612872,30613042
30614348,30614501
30615300,30615473
30615600,30615787
30617329,30617495
30622967,30623083
30626459,30626521
30636450,30637069
30646597,30647031
30649159,30649245
30663436,30664003
30665492,30665557
30694060,30694072
30694207,30694344
30694909,30695553
30741160,30741369
30822630,30822709
30870428,30870682
30887425,30887618
30888222,30888340
30889176,30889234
30889489,30889636
30890727,30890973
30893121,30893242
30893462,30893566
30893637,30893733
30893816,30894001
30905836,30906069
30906193,30906339
30926802,30926871
30928018,30928207
30932358,30932452
30932544,30932769
30932888,30933030
30933465,30933520
30934059,30934191
30934780,30935161
30935247,30935322
30936510,30936643
30936931,30937037
30937582,30937711
30937814,30937969
30938064,30938205
30939620,30939706
30939958,30940041
30940757,30940837
30941432,30941558
30941890,30942002
30942111,30942271
30946340,30946449
30949751,30949842
30950376,30950460
30956762,30956797
30958640,30958694
30967821,30967889
30969356,30969818
31080643,31080758
31082915,31083002
31083178,31083309
31085072,31085291
31087964,31088113
31088512,31088606
31088698,31088777
31088871,31088969
31089698,31090019
31090107,31090180
31090807,31090879
31090960,31091482
31091674,31091847
31093783,31093876
31095302,31095455
31095533,31095609
31095851,31095931
31096732,31096897
31096997,31097338
31098666,31098840
31099061,31099179
31099744,31099896
31100884,31101029
31104315,31104466
31104969,31105128
31105207,31105286
31105657,31105692
31105929,31105965
31107376,31107505
31123014,31123119
31124844,31126010
31126375,31126489
31126612,31126721
31126920,31127037
31127356,31127532
31127950,31128062
31128213,31128323
31128470,31128654
31133097,31133235
31133405,31133483
31133609,31133714
31133912,31134419
31135722,31135936
31136682,31136799
31136907,31137040
31137709,31137993
31138275,31138514
31138666,31138799
31139840,31140354
31187094,31187270
31192683,31192702
31195468,31195581
31196935,31196990
31201497,31201615
31204488,31204586
31212408,31212424
31225719,31225819
31248716,31248769
31258290,31258426
31259120,31259230
31259888,31260077
31262133,31262239
31262594,31262791
31265945,31266132
31266983,31267070
31267775,31267907
31268143,31268200
31271135,31271201
31272529,31272704
31273451,31273507
31275150,31275308
31276788,31277140
31278296,31278441
31283083,31283288
31289314,31289393
31289498,31289699
31290964,31291084
31291179,31291296
31292274,31292344
31326890,31327309
31328786,31328924
31335691,31335863
31341404,31341683
31342896,31342960
31344331,31345602
31399683,31399725
31400619,31400743
31403028,31403204
31411011,31411081
31420255,31420425
31423279,31423410
31426614,31426782
31427059,31427182
31433871,31433971
31439879,31440121
31440703,31440868
31441773,31442118
31442961,31443094
31444605,31444690
31447425,31447568
31448152,31448232
31449347,31449531
31450288,31450360
31454143,31454376
31455135,31455315
31455851,31455987
31458474,31458650
31462931,31463133
31463680,31463967
31468174,31468302
31471843,31471917
31488622,31488745
31489147,31489243
31489904,31489982
31508284,31508376
31528689,31528863
31531057,31531129
31546860,31546971
31550253,31550348
31556941,31557059
31561289,31561392
31573057,31573214
31575230,31575392
31578381,31578452
31580271,31580364
31583874,31583972
31585067,31585134
31589446,31589577
31602211,31602293
31602606,31602785
31603743,31603819
31604308,31604404
31604868,31604945
31606327,31606430
31607936,31608033
31611142,31611303
31611765,31611840
31613141,31613216
31613353,31613530
31613601,31613855
31614788,31614860
31615047,31615279
31616744,31616877
31616999,31617078
31618114,31618226
31618313,31618418
31619611,31619836
31620552,31620713
31620995,31621142
31621333,31621472
31621648,31621885
31623683,31623849
31625762,31625815
31648100,31648276
31650698,31650778
31662143,31662208
31685526,31685803
31688155,31688227
31701655,31701762
31703549,31703721
31704654,31704726
31712082,31717291
31725537,31725610
31738386,31738860
31754921,31754979
31758545,31758633
31760655,31760702
31764974,31765060
31766584,31766668
31768813,31768863
31778098,31778168
31783906,31783985
31784813,31784875
31792032,31792102
31792744,31792817
31797599,31797703
31798581,31798656
31802703,31802838
31804161,31804223
31804841,31804915
31806121,31806191
31809610,31809647
31810520,31810641
31814991,31815212
31815415,31815429
31819021,31819225
31821501,31821637
31822692,31822790
31831063,31831110
31833914,31833980
31836971,31837155
31838684,31838845
31843094,31843212
31843644,31843812
31845017,31845237
31846833,31846967
31857444,31857553
31861367,31861433
31870589,31870744
31873171,31873332
31874272,31874405
31876086,31876265
31879524,31879752
31893581,31893751
31897481,31897653
31901741,31901802
31905983,31906066
31906204,31906497
31944733,31944820
31956138,31956792
32043281,32043416
32049942,32050014
32066934,32067039
32067966,32068026
32068495,32068600
32081865,32081971
32083073,32083154
32084438,32084659
32084899,32085035
32086219,32086327
32091611,32091762
32099182,32099351
32102021,32102237
32104785,32104891
32109989,32110213
32149539,32149613
32149752,32149780
32150318,32150479
32150953,32151019
32151486,32151551
32152066,32152094
32152494,32152626
32154243,32154318
32158983,32159222
32159456,32159491
32159900,32159935
32190771,32191352
32192901,32193192
32194344,32194490
32196090,32196204
32202332,32202451
32218513,32218725
32220919,32221022
32224266,32224482
32225654,32225823
32229193,32229344
32230967,32231075
32232898,32233034
32234872,32235093
32237243,32237324
32238984,32239090
32247410,32247515
32248742,32248802
32251769,32251874
32254141,32254213
32255194,32255329
32266234,32266352
32352876,32352983
32358071,32358444
32360251,32360832
32387991,32388099
32392239,32392359
32393891,32394002
32395025,32395214
32396073,32396249
32397940,32398100
32399602,32399759
32401746,32401903
32406661,32406761
32408174,32408242
32408754,32408833
32412063,32412156
32414302,32414425
32415914,32415991
32417084,32417148
32419361,32419404
32431346,32431414
32432372,32432543
32433718,32433772
32435703,32435880
32437759,32437851
32442670,32442731
32445634,32445698
32445840,32445996
32447211,32447340
32453382,32453503
32457262,32457386
32475002,32475124
32475361,32475398
32478980,32479275
32483896,32484124
32485067,32485209
32487744,32487828
32491085,32491181
32493104,32493281
32495492,32495530
32498143,32498530
32513691,32513824
32518042,32518334
32527917,32528005
32528873,32529008
32533792,32533895
32538035,32538110
32541570,32541713
32596673,32596736
32802001,32802122
32849451,32849534
32857248,32857360
32858016,32858138
32859179,32859377
32864914,32865004
32868965,32869125
32931389,32931481
32957989,32958004
32980644,32980702
33006351,33006662
33166762,33166832
33274426,33274624
33277059,33277255
33283201,33283348
33304228,33304507
33316084,33316248
33323504,33323600
33337645,33337801
33359371,33359404
33364510,33364531
33381918,33382044
33384191,33384304
33432160,33432265
33564847,33565019
33572144,33572156
33604434,33604558
33626243,33626326
33650366,33650668
33761370,33761476
35067087,35067316
35082517,35082669
35084382,35084499
35085453,35085693
35262390,35262421
35263077,35263226
35263795,35263874
35264647,35265603
35283961,35284043
35285996,35286061
35287346,35287452
35288237,35288407
35292991,35293114
35293606,35293651
35299928,35299980
35317876,35317961
35321958,35322037
35323027,35323177
35323495,35323630
35323767,35323914
35327270,35327387
35330346,35330480
35332980,35333014
35333403,35333497
35334327,35334448
35338712,35338788
35345724,35345784
35346929,35346972
35347054,35347209
35381173,35381196
35383105,35383226
35386684,35387176
35389863,35389963
35393467,35393598
35400438,35400605
35403206,35403333
35403413,35403542
35406552,35406725
35408407,35408563
35410743,35410910
35412509,35412681
35413874,35413986
35415828,35415972
35416338,35416404
35416637,35416814
35417743,35417856
35419883,35420012
35421317,35421460
35423213,35423341
35424153,35424255
35453998,35454094
35546809,35547080
35551502,35552032
35607296,35607443
35610883,35611106
35617162,35617257
35656425,35656475
35658614,35659596
35713707,35713738
35717871,35717926
35720481,35720654
35726210,35727194
35728722,35728898
35744194,35744249
35745922,35745995
35746472,35746561
35750425,35750457
35752612,35752655
35756104,35756144
35759887,35760032
35761201,35761294
35761414,35761468
35765422,35765483
35768256,35768349
35778024,35778078
35781599,35781746
35809779,35810004
35840191,35840218
35849571,35849616
35894812,35894827
35938846,35938897
35945058,35945166
35961562,35961604
36027051,36027063
36028239,36028425
36141199,36142058
36145472,36145602
36149045,36149090
36160668,36160891
36191074,36191912
36195310,36195437
36197642,36197831
36199329,36199376
36199555,36199608
36201699,36201734
36201992,36202036
36227403,36228280
36231339,36231466
36233152,36233162
36253962,36253991
36254936,36254999
36257082,36257136
36257318,36257407
36261595,36261722
36265150,36266033
36282667,36282785
36284092,36284265
36284402,36284511
36285120,36285329
36285657,36285781
36285864,36285953
36286717,36286846
36288251,36288413
36288726,36288939
36289084,36289297
36291985,36292234
36293328,36293481
36293758,36293863
36294091,36294298
36294931,36295076
36295504,36295717
36296842,36297014
36298918,36299042
36300126,36300264
36300850,36301057
36301533,36301665
36302567,36302676
36303994,36304155
36305032,36305102
36305929,36306051
36306413,36306607
36309281,36309396
36312048,36312222
36314144,36314318
36316516,36316669
36318206,36318325
36319539,36319635
36320219,36320363
36320797,36320896
36321757,36321821
36322428,36322521
36326567,36326661
36327460,36327488
36341369,36341526
36348903,36349236
36467803,36467917
36476732,36476856
36480574,36480837
36490007,36490267
36493632,36493803
36495966,36496208
36497990,36498156
36501240,36501407
36504097,36504367
36504514,36504766
36505895,36506422
36510986,36511000
36511502,36511786
36512459,36512602
36516477,36516607
36516704,36516790
36517300,36517493
36518762,36518910
36519404,36519537
36520575,36520688
36523208,36523281
36523894,36523980
36524595,36524732
36525663,36525709
36525998,36526121
36564350,36564886
36566352,36566493
36570091,36570128
36587464,36587548
36702365,36702576
36758227,36758409
36762903,36763013
36763918,36764036
36766137,36766197
36767305,36767365
36767782,36767862
36775673,36775707
36800889,36800918
36813645,36813755
36815102,36815235
36816944,36817005
36861171,36861203
36861718,36861815
36862654,36862781
36863146,36863225
36864044,36864129
36864918,36865072
36867391,36867462
36870414,36870542
36871651,36871709
36872326,36872425
36875652,36876094
36877627,36877823
36922207,36922283
36923243,36923367
36925986,36926177
36929401,36929559
36929638,36929807
36930374,36930510
36930654,36930830
36932764,36932904
36933831,36933994
36935314,36935441
36935629,36935687
36936548,36936652
36937376,36938502
36991178,36991276
36991480,36991591
36999839,36999984
37001836,37002303
37003965,37003987
37011026,37011325
37018137,37018732
37019836,37019872
37024191,37024810
37026998,37027057
37029215,37029514
37051760,37051949
37053099,37053208
37056319,37056411
37057397,37057493
37059312,37059438
37060822,37060922
37061103,37061792
37062524,37062739
37066079,37066238
37066825,37066962
37068615,37068681
37069072,37069344
37070483,37070652
37070915,37071032
37073531,37073645
37074609,37074708
37075134,37075280
37084294,37084404
37084726,37084839
37086282,37086419
37089577,37089782
37095550,37095592
37095905,37096090
37096647,37096715
37098415,37098549
37103215,37103417
37128095,37128848
37132383,37132468
37135327,37135442
37136227,37136393
37137586,37137735
37139116,37139222
37142433,37142512
37143520,37143635
37144084,37144172
37182187,37182735
37185217,37185455
37185870,37185921
37188162,37188213
37206546,37207803
37226672,37226803
37227905,37227943
37231230,37231390
37231931,37231994
37232800,37232918
37241586,37241658
37244113,37244148
37282569,37282588
37292620,37292703
37294659,37294724
37295998,37296065
37297563,37297682
37299225,37299306
37300906,37301019
37303253,37303402
37309211,37309323
37310987,37311064
37311455,37311527
37312019,37312174
37313438,37313511
37373071,37375534
37469962,37470029
37472442,37472528
37474511,37474677
37476895,37476981
37479344,37479498
37480196,37480299
37480720,37480769
37485915,37486177
37491158,37491393
37491754,37491867
37492434,37492550
37492643,37492802
37494085,37494188
37495516,37495586
37495759,37496003
37496448,37496560
37497018,37497178
37502601,37502725
37503184,37503213
37504185,37504301
37504634,37504769
37506191,37506383
37507828,37507954
37508526,37508682
37510211,37510421
37515972,37516298
37517970,37518108
37518965,37519200
37566349,37566812
37568107,37568820
37570262,37570412
37570575,37570735
37571848,37571931
37579899,37579905
37608860,37608903
37609135,37609154
37614189,37614274
37616921,37617048
37618447,37618546
37620237,37620361
37620812,37620913
37621615,37621696
37623326,37623467
37623551,37623633
37624880,37625076
37625796,37625949
37629461,37629526
37629997,37630170
37630902,37631099
37631995,37632165
37632404,37632515
37632600,37632711
37639787,37639846
37641125,37641168
37641373,37641478
37642538,37642615
37642894,37643006
37643097,37643174
37643643,37643788
37644636,37644705
37644869,37644960
37645364,37645510
37646817,37646929
37647266,37647348
37647440,37647521
37648318,37648435
37650151,37650249
37650541,37650725
37653778,37653873
37655271,37655684
37655925,37656059
37658782,37659356
37665554,37665871
37675702,37675711
37676985,37677065
37678482,37678654
37679602,37679749
37686392,37686475
37687909,37688015
37688311,37688360
37688849,37688992
37690696,37690794
37691173,37691336
37701365,37701479
37710426,37710566
37713209,37713411
37715762,37715934
37723184,37726503
37733297,37733412
37734398,37735442
37738641,37738719
37739544,37739705
37740614,37740759
37740894,37741032
37746237,37746420
37747121,37747139
37751771,37751828
37754876,37754984
37755100,37755190
37755549,37755659
37757612,37758138
37759153,37759264
37759416,37759527
37765669,37765817
37768073,37768176
37769027,37769187
37769261,37769375
37771649,37771736
37772600,37772762
37805544,37806129
37807967,37808163
37809948,37810157
37812886,37812988
37813276,37813609
37815125,37815280
37815417,37815500
37815662,37815876
37816199,37816321
37816566,37816718
37823406,37823765
37824722,37825470
37831942,37832017
37832636,37832744
37832957,37833206
37833683,37833755
37833916,37833977
37838499,37838598
37840186,37840234
37843910,37844238
37848228,37848361
37849449,37849482
37850014,37850063
37851279,37851490
37855564,37855644
37858678,37858740
37862968,37863038
37863271,37863345
37870175,37870347
37874369,37874524
37875840,37876011
37877673,37878171
37886764,37886845
37888425,37888464
37906422,37906568
37911951,37912000
37912350,37912492
37917706,37917795
37919035,37919178
37921971,37922426
37924659,37924717
37925660,37926043
37926180,37926197
37926955,37927126
37927410,37927826
37931798,37931933
37932552,37932679
37932797,37932888
37933038,37933112
37937079,37937194
37937745,37937819
37940708,37940830
37944174,37944246
37944314,37944517
37945041,37945173
37947280,37947463
37951459,37951522
37953046,37953149
37953787,37953807
37956772,37956842
37958408,37958471
37959345,37959476
37967098,37967170
37967624,37967715
37972229,37972272
37973494,37974198
37977866,37978135
37983356,37983784
37986153,37986312
38041067,38041092
38057809,38057850
38059233,38059345
38065001,38065130
38067703,38067770
38068148,38068407
38069032,38069122
38070837,38070891
38071681,38071744
38072476,38072610
38072999,38073092
38073772,38073823
38074306,38074451
38074863,38075132
38078387,38078704
38080839,38081679
38081888,38082032
38082659,38082873
38085299,38085375
38085685,38085732
38086241,38086449
38087123,38087264
38088747,38088964
38089095,38089231
38089521,38089674
38093890,38093917
38097031,38097178
38098062,38098179
38098410,38098482
38098984,38099206
38107851,38107913
38108254,38108341
38109132,38109208
38109364,38109405
38109847,38109870
38110474,38110525
38112160,38112305
38112503,38112577
38113486,38113654
38115526,38115681
38116074,38116211
38120758,38120909
38123094,38123258
38126370,38126449
38128268,38128430
38129453,38129562
38132830,38133013
38134987,38135084
38139981,38140169
38143104,38143288
38145437,38145653
38169217,38169426
38213683,38213706
38213822,38213889
38214419,38214878
38216697,38216714
38221468,38221746
38222641,38222662
38224784,38224979
38225423,38225593
38226778,38226870
38230668,38230744
38231243,38231334
38245934,38246100
38247769,38248019
38258033,38258069
38272527,38272568
38293286,38293319
38294108,38294248
38294341,38294534
38298785,38298934
38299894,38300065
38300723,38300952
38302860,38303009
38303137,38303248
38314081,38314157
38426794,38428132
38468233,38468324
38474522,38474623
38479592,38479751
38481211,38481523
38482495,38482536
38485934,38486440
38487872,38488115
38492055,38492115
38493709,38493771
38494020,38494131
38494629,38494802
38494885,38495046
38495795,38495937
38498084,38498150
38498439,38498573
38499399,38499499
38501129,38501280
38505950,38506237
38509292,38509428
38520019,38520089
38521607,38521724
38537591,38537652
38538294,38538409
38538538,38538612
38539320,38539412
38549924,38549997
38552665,38552707
38555356,38555409
38562286,38562369
38566589,38566736
38567582,38567627
38568205,38568256
38582348,38582401
38582709,38582917
38586042,38586199
38591360,38591540
38597203,38597356
38599763,38599921
38605253,38605348
38607388,38607476
38620211,38620291
38623159,38623279
38626179,38626303
38628237,38628342
38628833,38628935
38636450,38636597
38638745,38638822
38639614,38639630
38639654,38639724
38645562,38645645
38650026,38650168
38668054,38668132
38670883,38670989
38671069,38671188
38673158,38673236
38681978,38682095
38682322,38682441
38682878,38682996
38683766,38683841
38687901,38688001
38688934,38689129
38689295,38689424
38699802,38699987
38705955,38706147
38708844,38708956
38710099,38710172
38715906,38716087
38716627,38717000
38721741,38721865
38724296,38724411
38726005,38726150
38726257,38726440
38727212,38727348
38727982,38728161
38729461,38729662
38730611,38730704
38734149,38734155
38734323,38734397
38735173,38735315
38736266,38736380
38737950,38737999
38738034,38738265
38738586,38738754
38738872,38738988
38739341,38739426
38739721,38739943
38740266,38740432
38741006,38741050
38741493,38741571
38742300,38742555
38745683,38745811
38747071,38747164
38748712,38748783
38749765,38749859
38750224,38750383
38750897,38751080
38751209,38751373
38752506,38752665
38754641,38754706
38754897,38754900
38779448,38779613
38780925,38781009
38782662,38782731
38822608,38822833
38823082,38823262
38826499,38826747
38828286,38828512
38843234,38843858
38866208,38867201
38871479,38871546
38871691,38871757
38871901,38871945
38872121,38872190
38957691,38957720
38959541,38959686
38961386,38961681
38962097,38962213
38962494,38962509
38982453,38982470
38984074,38984231
38985811,38986091
38986297,38986412
38989456,38989610
38991331,38991626
38992033,38992149
38992430,38992445
39014362,39014379
39015594,39015751
39017765,39018045
39018268,39018387
39021519,39021536
39022821,39023014
39025069,39025671
39029362,39029519
39031693,39031973
39032197,39032316
39040960,39040977
39042936,39043090
39044082,39044217
39044940,39045542
39045758,39045876
39049424,39049581
39052073,39052353
39052576,39052695
39077361,39077378
39078931,39079085
39080932,39081227
39081470,39081589
39083730,39083884
39086278,39086567
39087010,39087126
39087406,39087421
39100278,39100428
39101236,39101504
39101917,39102042
39102489,39102571
39103688,39103697
39133890,39134048
39134400,39134752
39138635,39138702
39141370,39141436
39149788,39149832
39152375,39152444
39225722,39225847
39230083,39230228
39231621,39231827
39233434,39233524
39235777,39235874
39240854,39240872
39243900,39243963
39312939,39312984
39313190,39313310
39313633,39313729
39314106,39314208
39314685,39314846
39315368,39315555
39316705,39316841
39317460,39317629
39318399,39318592
39319594,39319597
39350010,39350109
39364194,39364296
39374315,39374553
39376051,39376197
39377597,39377690
39381695,39381914
39399802,39399835
39415005,39415142
39415499,39415653
39416790,39416877
39417710,39417849
39418731,39418845
39419518,39419630
39421826,39421971
39426702,39426925
39428020,39428183
39430014,39430222
39436489,39436571
39487347,39488949
39504230,39504443
39511294,39511438
39511848,39512026
39512231,39512494
39513516,39514323
39515229,39515373
39521445,39521671
39521772,39522602
39529491,39529623
39529819,39529917
39532394,39532523
39532686,39532738
39570752,39570988
39598150,39598262
39600519,39600653
39619309,39619407
39634564,39634724
39640866,39641182
39642796,39642889
39646568,39646881
39647821,39647926
39649500,39649925
39658013,39658303
39658930,39659116
39659432,39659550
39659696,39659852
39660343,39660437
39661107,39661310
39661964,39662435
39662775,39662876
39663717,39663841
39664090,39664159
39664738,39664923
39665497,39665624
39665880,39666006
39668291,39668381
39670037,39670230
39670802,39670954
39672198,39672308
39672948,39673082
39673962,39674033
39677340,39677419
39677986,39678108
39679106,39679445
39679721,39679868
39680929,39681052
39682495,39682661
39684298,39684498
39685760,39686405
39743678,39744283
39765222,39765609
39767052,39767092
39767101,39767166
39818173,39818178
39820992,39821113
39835839,39835958
39861764,39862007
39887399,39887748
39901238,39901330
39947106,39947184
39955818,39955910
39960054,39960174
39964374,39964569
39965989,39966158
39968041,39968272
39969410,39969533
39970904,39971084
39989404,39989433
39994347,39994768
39995042,39995531
40019167,40019335
40019886,40020008
40021289,40021963
40029515,40029565
40125817,40125862
40156114,40156182
40178135,40178140
40246014,40246102
40251178,40251200
40261831,40262173
40264687,40267036
40270121,40270280
40273424,40273600
40277076,40277151
40277998,40278044
40279994,40280143
40281118,40281289
40285644,40285770
40300454,40300586
40300909,40301005
40301149,40301333
40308511,40308649
40310816,40310993
40312504,40312651
40312901,40312997
40315282,40315507
40315941,40316012
40321089,40321229
40322853,40323241
40346558,40346711
40349831,40350035
40353072,40353117
40354247,40354327
40358863,40359035
40359259,40359306
40360401,40360492
40361272,40361342
40361487,40361635
40362980,40363071
40364275,40364365
40364879,40365056
40366435,40366522
40367468,40367618
40387218,40387230
40400806,40400813
40401592,40401675
40402138,40402205
40404246,40404455
40404556,40404664
40405140,40405284
40405648,40405844
40406077,40406223
40406437,40406662
40407016,40407071
40407200,40407328
40407412,40407568
40407788,40407843
40408070,40408120
40408276,40408429
40408626,40408697
40408793,40408842
40408932,40409018
40409198,40409372
40409464,40409525
40409681,40409759
40410131,40410179
40411389,40411907
40416975,40417046
40417340,40417493
40418373,40419384
40420404,40420576
40420846,40421100
40423535,40423685
40424205,40424381
40429605,40429767
40431404,40431480
40435498,40435554
40463220,40463286
40533589,40533635
40552105,40552346
40679652,40679734
40680948,40681928
40770833,40770981
40773936,40774019
40777039,40777135
40777227,40777373
40779008,40779125
40792524,40792676
40794513,40794580
40797283,40797287
40799022,40799083
40819194,40819248
40826537,40826666
40827095,40827229
40829625,40829674
40830839,40830956
40832568,40832671
40835559,40835670
40835802,40835887
40840625,40840692
40844838,40844909
40848293,40848369
40850822,40850880
40856430,40856540
40857181,40857245
40860677,40860781
40861064,40861994
40868998,40869115
40881769,40882177
40886312,40886515
40907586,40907649
40909121,40909235
40914238,40914324
40922332,40922513
40924361,40924482
40926268,40926435
40951398,40951476
40953554,40953633
40964046,40964117
40967798,40967884
40972475,40972488
41093004,41093098
41117186,41117821
41125863,41126040
41127486,41127748
41129889,41130003
41131387,41131633
41135812,41135906
41137652,41137790
41140139,41140257
41141047,41141222
41146738,41146816
41147836,41147946
41149037,41149175
41149760,41150198
41151832,41152012
41152205,41152350
41154994,41155113
41157168,41157408
41158411,41158500
41160641,41160722
41162722,41162779
41164052,41164130
41166598,41166666
41168448,41168599
41168720,41168867
41169502,41169616
41170405,41170571
41172498,41172663
41173622,41173784
41176246,41176528
41176772,41178956
41205362,41205386
41209695,41209933
41213892,41214026
41216138,41216262
41217122,41217202
41217952,41218222
41219418,41219536
41220733,41220868
41221198,41221287
41224019,41224251
41224724,41224801
41224966,41225071
41225793,41225941
41226661,41226744
41227088,41227323
41227518,41227574
41227803,41227869
41229539,41229656
41229703,41229730
41230138,41230251
41235144,41235343
41236483,41236650
41237175,41238885
41239442,41239620
41240873,41240881
41246602,41246672
41249329,41249451
41249728,41249817
41251006,41251109
41252871,41252991
41254307,41254494
41254584,41254666
41256020,41256105
41256190,41256290
41256710,41256824
41257947,41258106
41261445,41261580
41264663,41264843
41268096,41268156
41274599,41274727
41277882,41277895
41280932,41281082
41281456,41281541
41285543,41285670
41320660,41320713
41325563,41325597
41325720,41325918
41327205,41327364
41330022,41330103
41332170,41332227
41338312,41338355
41339000,41339191
41339815,41340137
41341087,41341146
41342528,41342628
41343414,41343576
41346002,41346208
41348066,41348167
41349119,41349301
41351560,41351646
41355468,41355602
41355756,41355862
41355953,41356062
41356342,41356476
41356644,41356808
41357176,41357429
41367532,41367599
41369081,41369225
41369913,41370396
41382044,41382201
41387350,41387668
41394095,41394316
41395744,41395960
41436310,41437345
41460397,41460487
41467447,41467614
41468123,41468147
41468601,41468653
41469146,41469182
41499725,41499862
41507790,41508049
41511875,41511968
41515376,41515535
41515766,41515917
41517526,41517631
41518480,41518572
41520170,41520276
41522829,41522987
41523204,41523278
41523829,41523941
41524845,41524968
41525192,41525348
41526261,41526453
41527287,41527420
41527900,41528022
41528478,41528613
41529282,41529336
41530686,41530888
41532093,41532157
41532603,41532745
41540698,41540795
41543990,41544101
41571965,41572141
41573654,41573777
41574732,41574895
41577317,41577440
41577807,41577923
41578805,41578881
41583958,41584058
41584280,41584372
41584526,41584603
41586075,41586193
41588658,41588767
41589051,41589163
41589718,41589805
41601096,41601190
41603258,41603381
41604043,41604153
41607261,41607331
41607487,41607525
41607839,41607861
41620751,41620839
41622004,41622086
41628117,41628230
41636112,41636251
41636515,41636770
41637607,41637791
41646895,41647082
41650722,41650891
41653528,41653690
41656902,41657032
41658251,41658352
41661330,41661444
41663621,41663815
41674932,41675195
41676741,41677125
41680243,41680364
41682355,41682358
41688227,41688327
41688793,41688981
41690434,41690449
41699538,41699712
41703330,41703454
41705503,41705554
41714001,41714075
41716040,41716146
41718070,41718274
41723942,41724073
41729664,41729779
41730520,41730644
41732244,41732344
41732468,41732603
41743079,41743194
41744946,41745064
41745884,41746026
41748106,41748218
41752590,41752651
41753948,41754046
41755357,41755386
41758364,41758547
41763173,41763321
41767575,41767608
41770685,41770961
41776101,41776267
41778688,41778877
41781283,41781394
41781684,41781845
41784293,41784420
41784607,41784783
41793828,41793910
41794370,41794477
41795410,41795542
41795734,41795847
41799253,41799299
41808890,41808993
41809878,41810000
41810206,41810291
41813263,41813445
41813750,41813822
41825697,41825823
41833270,41833358
41866830,41867280
41868610,41868792
41870888,41871035
41873797,41874019
41875336,41875451
41875542,41875724
41877228,41877421
41877941,41878123
41880715,41880992
41884841,41885011
41885999,41886041
41893116,41893285
41894819,41894937
41897051,41897161
41898648,41898781
41899236,41899396
41900329,41900498
41902969,41903155
41904862,41904974
41905439,41905660
41909764,41910147
41910407,41910839
41911215,41911349
41914137,41914667
41925366,41925554
41926100,41926331
41926637,41926773
41927804,41927982
41928803,41928934
41939055,41939196
41940138,41940174
41943609,41943701
41945135,41945389
41945912,41946005
41946416,41946496
41947019,41947076
41957685,41957892
41971492,41972996
41977064,41977074
41981644,41981836
41985983,41986112
41987205,41987287
41987621,41987759
41989566,41989684
41991572,41991668
41992663,41992763
41994289,41994341
41994620,41994756
41996901,41996967
41998818,41998880
41999142,41999300
42019310,42019419
42019661,42019803
42020003,42020096
42022248,42022356
42026765,42027181
42060278,42060413
42060923,42061067
42062826,42063024
42065737,42065899
42066709,42066804
42067112,42067290
42067764,42067936
42068438,42068574
42070281,42070297
42077293,42078073
42079768,42079954
42081924,42082062
42086182,42086314
42087059,42087175
42090605,42090744
42126573,42126752
42126850,42126992
42127446,42127634
42127841,42127983
42128173,42128350
42128783,42128944
42129032,42129185
42129737,42129909
42130611,42130791
42161340,42161358
42168652,42168736
42169846,42169896
42179608,42179702
42209650,42215305
42385160,42385220
42386988,42387078
42397857,42397956
42409434,42409547
42411406,42411736
42432236,42432357
42512909,42512995
42514105,42514304
42514681,42514779
42515150,42515268
42516010,42516136
42518004,42518147
42519713,42519786
42554020,42554042
42554937,42555087
42555231,42555345
42555663,42555705
42556063,42556083
42556513,42556588
42558347,42558457
42560185,42560265
42563388,42563469
42565023,42565064
42566303,42566338
42571120,42571203
42572435,42572694
42573935,42574055
42585790,42585968
42587505,42587572
42591954,42592084
42595536,42595614
42596185,42596365
42599697,42599793
42601969,42602107
42602769,42603160
42614798,42614857
42619772,42619945
42623788,42623888
42627303,42627389
42627604,42627688
42628151,42628281
42630881,42630988
42631377,42631450
42636714,42636846
42639971,42640274
42644389,42644509
42649294,42649315
42692889,42693951
42797587,42797605
42799038,42799160
42807072,42807163
42808766,42808890
42810812,42810944
42817141,42817264
42817728,42817857
42822269,42822409
42823655,42823702
42826939,42826999
42831548,42831636
42834241,42834325
42835361,42835493
42840943,42841016
42847513,42847632
42857113,42857182
42871356,42871469
42876136,42876333
42876887,42877010
42879047,42879169
42880616,42880622
42882183,42882304
42884385,42884561
42888642,42888798
42890946,42891182
42893456,42893613
42912020,42912080
43039775,43039905
43046409,43046573
43051800,43051887
43059383,43059527
43063812,43063921
43064189,43064324
43068409,43068590
43069635,43069844
43075473,43075586
43124022,43124183
43127696,43127795
43128495,43128625
43129212,43129305
43133042,43133486
43137080,43137298
43141161,43141249
43142925,43143348
43159238,43159420
43161051,43161190
43162802,43162991
43168007,43168159
43168773,43168912
43169499,43169568
43171818,43171900
43172402,43172554
43173714,43173826
43174208,43174403
43174498,43174615
43176319,43176396
43179618,43179752
43179840,43180000
43180741,43180940
43182979,43183149
43186892,43187069
43203996,43204149
43207533,43207613
43208071,43208224
43210042,43210240
43210921,43211083
43212424,43212592
43214089,43214251
43218254,43218458
43220449,43220587
43221172,43221289
43222637,43222742
43223096,43223216
43227373,43227496
43229071,43229188
43231752,43231875
43238837,43238954
43258218,43258335
43262719,43262845
43291045,43291180
43319936,43320065
43339103,43339235
43343173,43343261
43424985,43425209
43435033,43435215
43474735,43474961
43498234,43498350
43502643,43502757
43505497,43505616
43528852,43528975
43530556,43530964
43534687,43534872
43537376,43537545
43540126,43540357
43540375,43540543
43554868,43555096
43576296,43576488
43580463,43580659
43590073,43590229
43599615,43599622
43600068,43600263
43608481,43608600
43610014,43610083
43615825,43615922
43626446,43626679
43632104,43632238
43635101,43635216
43656071,43656389
43667103,43667272
43668871,43669045
43671972,43672133
43672245,43672305
43677995,43678163
43683746,43683855
43687470,43687581
43706310,43706417
43711474,43711623
43716847,43716972
43731698,43731811
43735856,43735993
43740213,43740258
43755765,43755832
43765304,43765393
43772891,43773103
43782179,43782325
43797244,43797315
43826000,43826113
43827599,43827640
43829059,43829198
43833639,43833734
43836027,43836035
43838866,43838993
43839944,43840025
43841801,43841932
43862213,43862382
43880794,43880885
43881557,43881674
43884212,43884345
43886302,43886488
43887590,43887651
43889328,43889538
43889798,43889913
43891061,43891294
43891687,43891880
43923911,43924098
43926934,43927167
43928823,43928889
43932877,43933087
43934605,43934666
43937050,43937272
43939992,43940125
43944690,43944795
43946153,43946382
43955577,43955598
43963285,43963396
43964451,43964553
43968730,43968818
43972235,43972342
43972870,43973001
43973235,43973323
43976054,43976183
43976749,43976821
43977871,43977958
43981390,43981461
43983932,43984000
43989110,43989257
43990264,43990406
43996337,43996383
43999340,43999411
43999533,43999673
44024339,44024451
44081618,44081784
44093927,44094017
44100052,44100123
44119037,44119140
44131486,44131627
44132893,44133009
44136459,44136518
44140123,44140143
44147860,44147922
44151482,44151551
44157981,44158083
44163857,44163930
44168601,44168678
44173002,44173191
44183317,44183408
44185807,44185872
44187775,44187878
44189113,44189254
44190550,44190666
44192048,44192104
44193800,44193823
44196154,44196213
44196346,44196415
44198341,44198365
44198620,44198722
44205756,44205829
44206316,44206426
44285427,44285745
44296671,44296885
44300878,44300945
44496836,44497556
44679799,44679885
44702474,44702608
44714590,44714671
44725243,44725292
44726576,44726634
44731729,44731821
44732250,44732391
44735026,44735162
44736771,44737247
44786456,44786606
44802076,44802164
44808306,44808438
44809005,44809098
44814671,44814758
44822370,44822469
44825482,44825593
44845268,44845342
44847972,44848050
44848931,44849060
44859730,44859834
44862274,44862595
44883085,44883304
44885425,44885529
44885862,44885938
44887962,44888121
44889759,44889782
44890609,44890740
44891305,44891360
44893456,44893533
44896031,44896083
44913821,44914088
44916279,44916630
44920397,44920490
45008544,45008610
45008793,45008811
45009495,45009549
45168177,45168246
45171599,45171683
45175893,45176080
45178237,45178900
45181285,45181367
45183401,45183520
45184452,45184655
45197175,45197216
45197789,45197948
45199872,45200035
45202989,45203184
45203844,45203985
45205216,45205318
45205629,45205707
45205792,45205912
45211955,45212107
45212264,45212343
45240639,45240703
45285013,45285065
45285940,45286096
45287171,45287451
45289060,45289143
45293180,45293313
45295559,45295719
45321692,45321793
45322046,45322215
45322370,45322426
45323171,45323427
45324076,45324211
45327841,45328295
45328358,45328486
45330602,45330756
45332424,45332710
45335349,45335382
45336327,45336411
45340385,45340405
45344555,45344657
45345458,45345569
45349727,45349797
45352450,45352602
45353977,45354132
45354958,45355115
45358696,45358795
45359804,45359958
45361838,45361984
45362884,45363026
45369953,45370060
45371470,45371587
45372154,45372292
45383466,45383613
45386866,45387046
45389711,45389897
45393633,45393841
45394684,45394767
45396345,45396486
45399094,45399353
45402332,45402571
45406459,45406663
45406752,45406865
45408709,45408898
45413458,45413567
45413886,45414015
45414321,45414403
45417601,45417946
45418177,45418244
45419296,45419322
45422289,45422408
45425947,45426175
45430899,45431066
45432283,45432362
45502985,45503064
45518681,45518787
45525542,45525678
45527846,45528009
45531264,45531324
45533062,45533164
45533760,45533898
45535199,45535337
45541228,45541372
45542154,45542283
45543400,45543526
45547084,45547204
45548612,45548744
45550491,45550615
45558070,45558074
45562911,45563266
45564883,45564992
45574510,45574653
45576976,45577108
45600306,45600446
45672063,45672179
45689711,45689903
45692995,45693078
45700281,45700378
45702688,45702847
45718412,45718493
45729424,45729590
45738730,45738839
45740368,45740538
45806958,45807104
45811697,45811793
45812010,45812170
45842990,45843178
45843668,45843671
45884889,45885157
45885753,45885809
45885975,45886085
45886205,45886344
45922855,45923335
45931097,45931369
45949919,45950146
45972154,45972237
45976683,45976754
46103479,46104589
46198383,46198591
46215172,46215333
46218262,46218405
46219811,46220014
46231791,46232239
46235132,46235380
46244813,46245238
46246676,46246795
46247105,46247221
46248171,46248284
46256560,46263322
46268039,46268072
46268513,46268591
46272334,46272416
46273897,46274069
46275247,46275421
46278585,46278661
46280068,46280377
46281598,46281718
46281970,46282012
46283972,46284032
46285240,46285279
46286165,46286183
46287072,46287154
46288422,46288588
46289401,46289561
46289825,46289899
46292790,46292884
46297400,46297479
46308149,46308207
46308318,46308943
46312140,46312305
46313889,46314013
46316031,46316412
46323189,46323262
46326435,46326654
46328687,46328889
46329357,46329567
46330046,46330130
46335764,46335846
46337778,46337944
46343261,46343368
46346421,46346544
46350290,46350463
46352120,46352174
46352263,46352330
46353766,46353867
46355443,46355588
46355989,46356072
46356841,46357006
46363177,46363187
46363222,46363247
46363991,46364251
46364511,46364736
46365230,46365380
46365585,46365689
46366385,46366480
46366992,46367118
46367728,46367855
46369178,46369258
46369691,46369804
46372882,46373057
46377060,46377261
46378590,46378717
46380787,46380955
46381845,46382050
46384542,46384686
46386401,46386585
46389289,46389499
46390391,46390486
46390842,46391075
46391185,46391287
46391632,46391816
46394141,46394262
46396604,46396746
46397673,46397848
46398523,46398637
46399716,46399902
46408995,46409162
46409754,46409880
46410397,46410561
46411601,46411759
46433392,46433481
46436173,46436289
46439188,46439411
46463706,46464345
46466894,46466931
46533626,46537170
46576058,46576078
46577261,46577290
46597329,46597367
46626750,46626961
46637839,46637960
46658186,46658307
46661380,46661442
46663039,46663172
46663837,46663863
46664025,46664117
46665614,46665706
46666824,46666873
46668095,46668167
46668688,46668732
46668798,46668908
46672842,46672997
46673375,46673498
46673669,46673814
46674656,46674750
46675467,46675552
46676599,46676668
46677146,46677251
46677575,46677677
46682410,46682455
46687133,46687206
46689991,46690200
46691571,46691777
46693426,46693503
46695209,46695315
46699312,46699465
46701635,46701710
46707842,46707988
46711085,46711149
46712167,46712293
46720085,46720208
46720901,46721015
46738006,46738148
46762786,46762848
46792519,46792576
46792775,46792804
46793500,46793841
46797443,46797620
46878652,46878723
46891265,46891394
46894783,46894846
46912073,46912188
46929499,46929579
46974289,46974399
46975835,46975841
46978546,46978588
46990014,46990110
46997633,46997709
47037070,47037198
47111507,47111603
47113515,47113683
47116120,47116594
47173497,47173626
48489592,48489704
48576480,48576571
48646596,48646746
48707716,48707844
48749838,48749847
49774232,49774416
49775590,49775745
49776049,49776159
49777033,49777161
49777677,49777813
49778092,49778103
49783928,49783979
49787389,49787887
49794033,49794294
49797804,49798117
49798557,49798686
49798987,49799119
49804203,49804360
49818221,49818383
49822950,49824331
49824461,49824726
49848520,49849554
49849597,49849652
49849747,49850080
49850181,49850670
49860185,49860291
49868161,49868249
49883662,49887178
49903837,49904066
49904178,49904254
49904336,49904506
49907720,49907944
49909243,49909347
49909893,49910088
49910433,49910607
49913384,49913517
49913603,49913765
49918769,49918898
49919229,49919312
49919729,49919840
49920155,49920247
49921584,49921761
49921870,49921905
49922293,49922443
49922611,49922707
49923233,49923317
49924359,49924455
49925416,49925670
49927254,49927307
49960947,49961032
49961124,49961234
49961317,49961368
49961441,49961811
49962688,49962865
49962939,49963127
49996674,49996860
49996993,49997074
49997319,49997483
49997684,49997742
49998024,49998069
49998136,49998309
49999290,49999345
49999430,49999502
49999827,49999967
50000195,50000240
50000477,50000592
50000753,50000863
50001081,50001231
50008636,50008664
50012544,50012646
50018783,50018791
50028201,50028281
50030429,50030925
50031685,50032109
50033201,50033445
50034356,50034505
50041620,50041807
50045254,50045389
50045855,50045970
50047167,50047296
50049248,50049322
50050108,50050247
50055233,50055325
50056868,50056935
50061582,50061657
50064033,50064198
50068432,50068555
50070526,50070583
50074215,50074332
50076840,50076912
50077400,50077502
50079917,50080019
50080343,50080397
50083083,50083173
50084725,50084902
50090088,50090185
50090475,50090512
50092000,50092185
50099442,50099602
50108135,50108248
50108656,50108844
50113647,50113788
50114380,50114622
50115113,50115246
50117156,50117351
50120501,50120616
50125391,50125569
50126201,50126272
50126487,50126505
50128415,50128507
50134006,50134065
50134529,50134630
50136178,50136325
50142080,50142189
50143042,50143221
50144096,50144243
50145688,50145810
50147141,50147149
50149614,50149714
50150734,50150899
50153044,50153218
50158056,50158206
50158597,50158606
50158658,50158793
50159677,50159785
50160687,50160825
50160963,50161055
50161367,50161463
50170730,50170956
50176938,50178402
50178933,50179277
50193060,50193093
50193575,50193654
50194339,50194506
50194899,50195040
50197240,50197351
50197436,50197588
50197822,50197995
50198074,50198186
50198344,50198519
50199115,50199128
50201036,50201590
50206316,50206520
50208535,50208716
50210180,50210311
50210630,50210911
50215716,50215867
50216690,50216876
50216971,50217128
50217204,50217369
50217735,50217827
50217917,50218117
50218188,50218402
50218487,50218620
50218702,50218897
50219067,50219209
50219287,50219456
50219643,50219791
50219956,50220015
50220250,50221874
50222027,50222102
50222453,50222592
50224140,50224256
50224331,50224420
50224510,50224592
50225793,50225943
50226049,50226189
50226286,50226378
50226732,50226842
50226998,50227077
50227906,50228028
50229403,50229577
50233315,50233526
50240203,50240367
50243718,50244459
50245506,50245530
50245674,50245827
50245909,50246092
50246297,50246376
50246678,50246735
50246874,50246966
50247691,50247776
50247889,50248145
50248224,50248292
50248365,50248472
50248661,50248751
50248830,50248890
50249102,50249168
50249327,50249454
50249634,50249703
50249859,50249964
50250062,50250160
50250426,50250523
50250770,50250905
50250973,50251032
50253400,50253480
50255196,50255370
50255452,50255531
50255614,50255694
50255809,50255881
50256084,50256199
50256598,50256646
50256934,50256964
50257081,50257193
50258242,50258301
50261166,50261296
50261384,50261509
50264947,50265027
50265320,50265494
50265581,50265660
50266225,50266305
50266539,50266611
50266933,50267048
50267126,50267174
50267256,50267286
50267370,50267482
50267568,50267627
50267819,50267949
50270176,50270292
50275703,50275808
50275888,50275963
50276628,50276704
50276841,50276906
50277590,50277738
50277852,50278013
50278116,50278271
50278434,50278519
50278595,50278696
50278854,50279011
50279629,50279776
50280004,50280071
50280488,50280670
50280743,50280973
50281088,50281189
50281359,50281499
50281565,50281742
50281853,50282081
50282183,50282550
50282710,50282881
50283003,50283186
50283336,50283445
50283601,50283750
50283832,50283990
50284131,50284213
50284572,50284665
50284844,50284913
50285799,50285901
50285989,50286098
50286172,50286287
50287110,50287264
50287666,50287793
50287936,50288037
50288742,50288871
50288959,50289142
50289516,50290597
50294718,50294778
50301346,50301462
50312138,50312261
50312342,50312417
50312522,50312625
50312983,50313108
50313445,50313499
50313634,50313724
50313813,50313878
50314206,50314272
50314399,50314494
50314604,50314700
50314798,50314921
50315713,50315769
50316024,50316087
50316173,50316253
50316369,50316475
50316565,50316712
50317292,50317373
50317907,50318020
50318846,50318889
50318964,50319003
50326811,50326988
50393405,50393525
50393749,50393799
50393892,50394135
50406666,50406875
50414551,50414689
50416091,50416157
50418866,50418979
50419345,50419462
50422253,50422380
50423461,50423614
50431172,50431382
50432264,50432329
50434965,50435081
50436366,50436452
50436987,50437068
50437505,50437603
50437842,50437900
50438173,50438298
50438598,50438762
50439697,50439857
50439960,50440049
50440800,50441026
50443865,50444121
50444198,50444247
50447141,50447240
50447321,50447453
50447521,50447609
50448232,50448444
50448542,50448650
50454511,50454742
50454813,50454944
50455015,50455142
50455223,50455409
50455480,50455582
50456215,50456395
50456491,50456673
50457033,50457111
50459254,50459392
50459469,50459666
50459951,50460159
50460271,50460408
50460533,50460712
50461158,50461286
50461522,50461718
50461795,50461869
50461946,50462119
50462204,50462473
50462558,50462717
50462869,50462938
50463282,50463432
50464328,50464441
50464533,50464738
50464818,50464917
50465000,50465129
50465214,50465328
50465762,50465840
50465960,50466074
50466149,50466258
50466349,50466482
50466604,50466710
50467337,50467448
50467531,50467693
50467785,50467923
50468375,50468461
50474785,50474840
50481847,50481957
50482566,50482903
50486897,50486912
50487384,50487465
50487661,50487742
50487885,50488048
50488242,50488342
50488694,50488920
50489039,50489149
50489227,50489295
50489396,50489446
50489531,50489644
50489747,50489856
50503390,50503699
50503807,50503904
50504339,50504451
50504558,50504727
50504801,50504984
50505056,50505153
50505228,50505334
50505402,50505537
50505673,50505815
50506034,50506213
50506284,50506502
50506637,50506666
50506781,50507054
50507581,50507675
50508337,50508445
50515747,50515774
50516446,50516548
50517426,50517482
50517576,50517661
50517740,50517809
50517972,50518052
50518132,50518278
50518648,50518732
50519189,50519359
50520964,50521036
50521542,50521609
50521740,50521848
50521985,50522039
50522180,50522251
50522342,50522415
50522497,50522569
50522670,50522720
50522820,50522922
50523016,50523166
50523234,50523375
50523610,50524411
50525769,50525918
50526000,50526156
50526245,50526476
50526575,50526738
50527164,50527283
50527587,50527717
50528511,50528610
50529135,50529338
50529495,50529709
50530441,50530560
50530657,50531058
50531190,50531295
50531569,50531773
50531968,50532077
50546243,50549951
50551244,50551402
50556296,50556405
50569337,50569421
50569575,50569668
50570292,50570406
50570890,50571043
50571157,50571292
50571374,50571539
50572005,50572122
50572202,50572308
50572874,50573060
50573519,50573715
50574334,50574419
50574492,50574600
50576034,50576112
50576197,50576335
50576535,50576637
50576856,50577034
50577323,50577463
50577774,50577915
50579180,50579255
50579425,50579507
50579726,50579830
50579973,50580082
50580189,50580271
50580357,50580416
50580564,50580660
50581419,50581553
50581748,50581862
50582248,50582357
50582557,50582781
50600818,50600883
50601788,50601894
50603222,50603498
50603625,50603719
50603837,50605064
50605367,50605443
50605561,50605734
50605824,50605934
50606657,50606765
50606920,50606991
50610211,50610310
50610706,50610779
50625144,50625464
50625578,50625681
50625935,50626063
50626153,50626278
50626590,50626760
50626833,50627052
50627165,50627406
50627555,50627779
50674414,50674579
50674581,50674704
50675047,50675251
50676621,50676693
50678584,50678693
50678768,50678920
50679018,50679186
50679311,50679428
50683339,50683417
50684584,50684651
50694774,50695046
50697556,50697561
50697563,50697715
50698689,50698803
50703859,50703935
50704165,50704248
50704737,50704862
50704963,50705096
50706071,50706152
50711614,50711638
50714916,50715047
50715668,50715753
50720183,50722437
50730720,50731312
50738235,50738312
50739270,50739474
50739693,50739977
50744060,50744206
50744652,50745207
50768775,50768874
50769040,50769124
50769424,50769552
50769875,50770016
50775771,50775851
50776669,50776749
50777951,50777981
50782187,50782294
